{"cameraMode":{"drawMode":0,"name":"Shaded","section":"Shading Mode"},"sceneLighting":true,"audioPlay":false,"sceneViewState":{"m_AlwaysRefresh":false,"showFog":true,"showSkybox":true,"showFlares":true,"showImageEffects":true,"showParticleSystems":true,"showVisualEffectGraphs":true,"m_FxEnabled":true},"in2DMode":false,"pivot":{"x":364.0227966308594,"y":199.55702209472657,"z":-413.7591552734375},"rotation":{"x":0.03778110817074776,"y":0.0008179276483133435,"z":-0.0004986671847291291,"w":-0.9993706941604614},"size":11.011361122131348,"orthographic":false}